"","Name","Record","Year","Observed","Estimate","Var","Lower","Upper"
"1","Sample",27,1986,59,63.4938271604938,18.8898372538062,59.263849975735,135.537746467987
