"","Name","Record","Year","Observed","Estimate","Var","Lower","Upper"
"1","Sample",23,1989,58,64.8869565217391,38.2732128544423,58.4221776417962,170.346475598593
