"","Name","Record","Year","Observed","Estimate","Var","Lower","Upper"
"1","Sample",19,1983,48,62.2105263157895,149.085872576177,48.9116281737037,269.514718387122
