"","Name","Record","Year","Observed","Estimate","Var","Lower","Upper"
"1","Sample",24,1993,54,54.4107142857143,0.782799376128002,54.0152422689442,65.0670022361915
