"","Name","Record","Year","Observed","Estimate","Var","Lower","Upper"
"1","Sample",17,1974,45,46.8823529411765,7.49250288350634,45.0932682752401,82.9899015612232
