"","Name","Record","Year","Observed","Estimate","Var","Lower","Upper"
"1","Sample",17,1982,39,41.8235294117647,15.6678200692042,39.1487127827312,92.6088303418334
