"","Name","Record","Year","Observed","Estimate","Var","Lower","Upper"
"1","Sample",23,1985,50,59.5652173913043,102.202268431002,50.5404574102334,219.288795029012
