"","Name","Record","Year","Observed","Estimate","Var","Lower","Upper"
"1","Sample",27,1987,56,59.3703703703704,12.5660722450846,56.1912686382966,115.389749070403
