"","Name","Record","Year","Observed","Estimate","Var","Lower","Upper"
"1","Sample",27,1973,53,57.8148148148148,28.6669714982472,53.2655839673709,140.288558607086
