"","Name","Record","Year","Observed","Estimate","Var","Lower","Upper"
"1","Sample",26,1991,59,62.3653846153846,12.5339003944773,59.187832152582,119.297523367435
