"","Name","Record","Year","Observed","Estimate","Var","Lower","Upper"
"1","Sample",17,1998,53,59.0504201680672,26.8482134750659,53.3962144394568,145.393362191288
