"","Name","Record","Year","Observed","Estimate","Var","Lower","Upper"
"1","Sample",12,1995,48,54.4166666666667,37.76953125,48.399889323972,150.962516483662
