"","Name","Record","Year","Observed","Estimate","Var","Lower","Upper"
"1","Sample",2,1994,31,31.2884615384615,0.358661614614334,31.0129597499235,37.4206531501476
