"","Name","Record","Year","Observed","Estimate","Var","Lower","Upper"
"1","Sample",24,1984,46,46.4791666666667,1.56976996527778,46.0166222059263,59.812889544386
