"","Name","Record","Year","Observed","Estimate","Var","Lower","Upper"
"1","Sample",27,2018,57,83.4814814814815,482.943758573388,58.5721454990897,503.058498949423
